{"cameraMode":{"drawMode":0,"name":"Shaded","section":"Shading Mode"},"sceneLighting":true,"audioPlay":false,"sceneViewState":{"m_AlwaysRefresh":false,"showFog":true,"showSkybox":true,"showFlares":true,"showImageEffects":true,"showParticleSystems":true,"showVisualEffectGraphs":true,"m_FxEnabled":true},"in2DMode":false,"pivot":{"x":3.101613998413086,"y":2.34922456741333,"z":-3.086798667907715},"rotation":{"x":0.0011906615691259504,"y":-0.03189878538250923,"z":-0.00002277038583997637,"w":-0.9995437860488892},"size":3.1520800590515138,"orthographic":false}